0,1,2,3,4,5,6,7,8,9,10,11,12,13,14,15,16,17,18,19,20,21,22,23,24,25,26,27,28,29,30,31,32,33,34,35,36,37,38,39,40,41,42,43,44,45,46,47,48,49,50,51,52,53,54,55,56,57,58,59,60,61,62
Date,Symbol,Day of Week,OI OK?,B/A OK?,Stock Price Range,D1 Min,D1 Ave,EM,Start Price,"Exp
Price
1
Series
Later","Exp
Price
30 days
Series
Later","Think
Back
Exp
30-60
Days",Expected Entry Price,Min Metric,Ave Metric,Exp Metric,"Target

","Max 
Entry
","Buy Wiggle
(.02)",IV% Night B4,ATM Night B4,IV% 1 Series Later,IV% 4 Series Later,"Day Play (1,2,3)",,,Low Max Last X,Pre Trade Rating,,#VALUE!,,Actual Entry,Actual Exit,Duration,Actual % Profit,"Low 
Valu Last E",M:SS Low Time ,Low Drop %,IV% at low,IV% EOD,Entry Point,Day Range,% of Min,% of Ave          ,Max Possible Exit,Ride to Expiry,"Min Wait 
(5 min)","Max Wait 
(30 min)","% Goal
(50%)","Chase Time
(5)","Chase Wiggle
(.02)",Trade $$$'s 1,Trade $$$'s 2,Trade $$$'s 3,Trade $$$'s 4,Trade $$$'s 5,Trade $$$'s 6,Trade $$$'s 7,Trade $$$'s 8,Trade $$$'s 9,"Gap Allowed
(Not Used)","Start Delay
(Not Used)"
7/13/20,PEP,Monday,Y,Y,?,1.74,2.15,4.38,134.46,3.09,3.01,3.72,3.27,1.29%,1.60%,2.43%,1.74,3.60,0.20,4.69,40.35,31.91,28.98,2.67,1:29,1,1.89,#VALUE!,,4.18,,0,0,0,,,,0.00,,,,,0%,0%,,,4,30,10,12,0.20,1500,1500,0,0,0,0,0,0,0,0.2,5
7/13/20,PEP,Monday,Y,Y,?,1.74,2.15,4.38,134.46,3.09,3.01,3.72,3.27,1.29%,1.60%,2.43%,1.74,3.27,0.20,4.69,40.35,31.91,28.98,2.67,1:29,1,1.89,#VALUE!,,4.16,,0,0,0,,,,0.00,,,,,0%,0%,,,4,30,20,10,0.20,2500,2500,0,0,0,0,0,0,0,0.2,5
7/13/20,PEP,Monday,Y,Y,?,1.74,2.15,4.38,134.46,3.09,3.01,3.72,3.27,1.29%,1.60%,2.43%,1.74,3.09,0.20,4.69,40.35,31.91,28.98,2.67,1:29,1,1.89,#VALUE!,,4.18,,0,0,0,,,,0.00,,,,,0%,0%,,,4,30,27,8,0.20,3000,3000,0,0,0,0,0,0,0,0.2,5
7/13/20,CCL,Monday,Y,Y,Y,0.45,1.19,1.00,16.16,1.19,1.00,1.80,1.33,2.78%,7.36%,8.23%,0.45,1.19,0.02,1.84,135.99,136.48,112.55,0.73,4:44,2,,#VALUE!,,1.51,,0,0,0,,,,0.00,,,,,0%,0%,,,5,30,25,10,0.02,1500,1500,0,0,0,0,0,0,0,0.2,5